datetime,tag,seed,mode,qps,qps_peak,n_params,seq_len,max_wait_ms,duration_s,slo_ms,device,gpu,max_batch,lat_p50_ms,lat_p99_ms,lat_max_ms,B_mean,B_max,cycle_ms,n_failed,n_mismatch,send_lag_p99_ms,a_ms,a_eff_ms,F_eff_tflops,u_pred,implied_cpu_nodes,B_pred,T_batch_pred_ms,lat_p99_textbook_ms,lat_p99_pred_ms,calib_table
2026-08-21T18:11:02,h1_n1e6_s1,35842,greedy,1000.0,1000.0,826113,1,0,20.0,100,cuda,Tesla T4,4096,3.217517905051537,4.928535717362053,5.627942956191845,2.127879940815895,9,1.9887527334774506,0,0,0.09942809015605306,1.386,2.0157527334774503,0.5784202304092732,0.0028599864130434793,nan,1.389975310502503,1.389975310502503,2.779950621005006,4.04306858818411,"{""1"": 1.386, ""2"": 1.359, ""4"": 1.452, ""8"": 1.431, ""16"": 1.438, ""32"": 1.39, ""64"": 1.371, ""128"": 1.512, ""256"": 1.557, ""512"": 2.62, ""1024"": 4.603, ""2048"": 6.839, ""4096"": 13.094}"
2026-08-21T18:11:26,h1_n1e7_s1,35866,greedy,1000.0,1000.0,9772673,1,0,20.0,100,cuda,Tesla T4,4096,3.0776169237984874,4.42567250392898,5.582982184771268,2.049539406345957,8,1.8984385540169362,0,0,0.096962764209696,1.338,1.8644385540169361,8.116954617895692,0.0024088485054347833,nan,1.3412308218606823,1.3412308218606823,2.6824616437213646,3.7378810973286654,"{""1"": 1.338, ""2"": 1.372, ""4"": 1.377, ""8"": 1.376, ""16"": 1.426, ""32"": 1.42, ""64"": 1.459, ""128"": 1.466, ""256"": 2.277, ""512"": 3.593, ""1024"": 6.227, ""2048"": 6.359, ""4096"": 12.858}"
2026-08-21T18:12:03,h1_n1e9_s1,35903,greedy,1000.0,1000.0,992509569,1,0,20.0,100,cuda,Tesla T4,4096,15.609566447678525,21.1381427761709,22.76367550203595,10.159959758551308,23,10.06986915510545,0,0,0.20309876383571185,8.496,8.988869155105451,20.677227926920605,0.09600377038043481,nan,9.398269286560442,9.398269286560442,18.796538573120884,19.88696160577638,"{""1"": 8.496, ""2"": 9.288, ""4"": 9.057, ""8"": 9.247, ""16"": 9.577, ""32"": 11.304, ""64"": 12.095, ""128"": 15.182, ""256"": 26.675, ""512"": 45.062, ""1024"": 95.462, ""2048"": 196.495, ""4096"": 389.419}"
2026-08-21T18:12:29,h1_n1e8_s10,35929,greedy,1000.0,1000.0,104475201,10,0,20.0,100,cuda,Tesla T4,1024,3.4548715285769305,5.230566341006269,6.643879570487954,2.2133333333333334,10,2.109684898207585,0,0,0.10138353433028165,1.585,1.8656848982075849,21.34652328395809,0.09799531250000004,nan,1.757197076650447,1.757197076650447,3.514394153300894,4.136752112405369,"{""1"": 1.585, ""2"": 1.829, ""4"": 1.945, ""8"": 2.344, ""16"": 2.903, ""32"": 4.625, ""64"": 6.591, ""128"": 12.695, ""256"": 23.427, ""512"": 49.321, ""1024"": 99.812}"
2026-08-21T18:13:00,h1_n1e8_s100,35959,greedy,1000.0,1000.0,104607681,100,0,20.0,100,cuda,Tesla T4,256,1000.0,1000.0,1000.0,256.0,256,296.4437255585516,9800,0,0.1797371852919661,2.308,15.388725558551592,18.882115341064377,1.1204812500000005,nan,inf,inf,inf,inf,"{""1"": 2.308, ""2"": 3.32, ""4"": 5.506, ""8"": 9.281, ""16"": 16.2, ""32"": 33.348, ""64"": 66.14, ""128"": 136.008, ""256"": 283.363}"
2026-08-21T18:15:05,h2_q100,35985,greedy,100.0,100.0,104461953,1,0,120.0,100,cuda,Tesla T4,4096,2.7001987177257547,4.81831232143186,6.628382133811783,1.0367459039681788,4,2.302693878540838,0,0,1.082053088229173,1.682,2.302693878540838,12.502605459680222,0.0016712313179347838,nan,0.16848157167908495,1.6848157167908495,3.369631433581699,4.613097309778459,"{""1"": 1.682, ""2"": 1.775, ""4"": 1.788, ""8"": 1.888, ""16"": 2.134, ""32"": 2.481, ""64"": 3.093, ""128"": 4.517, ""256"": 7.736, ""512"": 8.828, ""1024"": 17.698, ""2048"": 34.123, ""4096"": 68.876}"
2026-08-21T18:17:05,h2_q1000,36105,greedy,1000.0,1000.0,104461953,1,0,120.0,100,cuda,Tesla T4,4096,3.0635737223718706,4.767193831450527,7.062189326616064,2.0600985406245904,9,1.9142907489699792,0,0,0.08319263720238727,1.682,1.8212907489699792,12.502605459680222,0.016712313179347838,nan,1.7105878803776684,1.7105878803776684,3.421175760755337,3.7044921305969236,"{""1"": 1.682, ""2"": 1.775, ""4"": 1.788, ""8"": 1.888, ""16"": 2.134, ""32"": 2.481, ""64"": 3.093, ""128"": 4.517, ""256"": 7.736, ""512"": 8.828, ""1024"": 17.698, ""2048"": 34.123, ""4096"": 68.876}"
2026-08-21T18:19:06,h2_q5000,36226,greedy,5000.0,5000.0,104461953,1,0,120.0,100,cuda,Tesla T4,4096,3.4500511816943913,5.03397868127806,9.169345933315753,10.53435173102019,33,2.103542953422501,0,0,0.04531914881397375,1.682,1.682,12.502605459680222,0.0835615658967392,nan,9.176830310733555,1.8353660621467112,3.6707321242934223,3.6707321242934223,"{""1"": 1.682, ""2"": 1.775, ""4"": 1.788, ""8"": 1.888, ""16"": 2.134, ""32"": 2.481, ""64"": 3.093, ""128"": 4.517, ""256"": 7.736, ""512"": 8.828, ""1024"": 17.698, ""2048"": 34.123, ""4096"": 68.876}"
2026-08-21T18:21:12,h3_s10,36352,greedy,1000.0,1000.0,104475201,10,0,120.0,100,cuda,Tesla T4,512,3.378294169825935,4.958849433699014,9.106033229400623,2.188565517515765,13,2.0716117749850262,0,0,0.10815649827851104,1.586,1.8326117749850264,19.645128758341723,0.10648233695652179,nan,1.7750068807792845,1.7750068807792845,3.550013761558569,4.1020157760347535,"{""1"": 1.586, ""2"": 1.825, ""4"": 1.935, ""8"": 2.331, ""16"": 2.855, ""32"": 4.494, ""64"": 6.824, ""128"": 12.837, ""256"": 25.091, ""512"": 54.326}"
2026-08-21T18:23:19,h3_s30,36479,greedy,1000.0,1000.0,104504641,30,0,120.0,100,cuda,Tesla T4,512,3.8681931012192194,5.870254896628921,8.888543012819383,2.4389822626718924,12,2.3429385768575686,0,0,0.1145570752562719,1.885,2.161938576857569,20.033173380449917,0.31405285326086974,nan,2.748025134240957,2.748025134240957,5.496050268481914,6.303513578662838,"{""1"": 1.885, ""2"": 2.066, ""4"": 2.364, ""8"": 3.405, ""16"": 5.667, ""32"": 11.084, ""64"": 19.464, ""128"": 40.584, ""256"": 75.613, ""512"": 160.824}"
2026-08-21T18:25:30,h3_s50,36610,greedy,1000.0,1000.0,104534081,50,0,120.0,100,cuda,Tesla T4,512,7.323551207278456,20.0026281514485,39.21111988951509,4.234473240300567,29,4.179055843227499,0,0,0.14009461391893235,2.008,2.9600558432274995,18.004141700654504,0.583881657608696,nan,4.8255503193169575,4.8255503193169575,9.651100638633915,14.22699045765188,"{""1"": 2.008, ""2"": 2.27, ""4"": 3.227, ""8"": 5.301, ""16"": 9.299, ""32"": 16.365, ""64"": 34.659, ""128"": 67.808, ""256"": 137.305, ""512"": 295.057}"
2026-08-21T18:27:42,h3_s60,36741,greedy,1000.0,1000.0,104548801,60,0,120.0,100,cuda,Tesla T4,512,20.488338427611552,130.87955470595492,165.09742166688568,9.071404958677686,109,9.066897752610119,0,0,0.16365358159021082,2.039,2.039,17.905736566431376,0.7053964673913047,nan,6.921166158276469,6.921166158276469,13.842332316552937,13.842332316552937,"{""1"": 2.039, ""2"": 2.358, ""4"": 3.348, ""8"": 5.421, ""16"": 11.786, ""32"": 19.613, ""64"": 41.389, ""128"": 76.105, ""256"": 162.82, ""512"": 353.936}"
2026-08-21T18:29:54,h3_s65,36874,greedy,1000.0,1000.0,104556161,65,0,120.0,100,cuda,Tesla T4,512,101.52132896591581,173.59335823619114,179.55386041094812,53.717082721488005,121,53.86909519012687,0,0,0.1627479630309375,2.803,11.733095190126871,17.769669667633277,0.7705156250000001,nan,12.214339211547635,12.214339211547635,24.42867842309527,102.25615744101862,"{""1"": 2.803, ""2"": 3.831, ""4"": 5.878, ""8"": 6.276, ""16"": 12.731, ""32"": 22.338, ""64"": 44.939, ""128"": 81.608, ""256"": 169.582, ""512"": 386.294}"
2026-08-21T18:31:58,h3b_n1e6_s10,36998,greedy,1000.0,1000.0,827265,10,0,120.0,100,cuda,Tesla T4,256,3.1203198921332387,4.6632017204082405,6.679671216318184,2.089218482601255,11,1.952899592133626,0,0,0.08952380427995638,1.424,1.931899592133626,8.580229398663691,0.0019521739130434793,nan,1.426785333106804,1.426785333106804,2.853570666213608,3.8713567459147114,"{""1"": 1.424, ""2"": 1.445, ""4"": 1.416, ""8"": 1.519, ""16"": 1.425, ""32"": 1.455, ""64"": 1.425, ""128"": 1.425, ""256"": 1.867}"
2026-08-21T18:34:01,h3b_n1e6_s100,37121,greedy,1000.0,1000.0,838785,100,0,120.0,100,cuda,Tesla T4,256,3.097472516316202,4.730499769052585,8.371612530332584,2.0717548281939995,10,1.9472167807366836,0,0,0.0883187822859099,1.419,1.9562167807366837,7.981750262136033,0.02358342391304348,nan,1.4532731569211177,1.4532731569211177,2.9065463138422354,4.00693070692497,"{""1"": 1.419, ""2"": 1.41, ""4"": 1.384, ""8"": 1.366, ""16"": 1.519, ""32"": 2.195, ""64"": 3.726, ""128"": 6.794, ""256"": 7.66}"
2026-08-21T18:36:06,h3b_n1e6_s200,37246,greedy,1000.0,1000.0,851585,200,0,120.0,100,cuda,Tesla T4,256,3.1985549886570652,4.716174015217549,6.969078564139863,2.1365714728562017,11,1.9986218610685271,0,0,0.09525316580123948,1.527,2.112621861068527,6.619100142172425,0.06383858695652177,nan,1.631128968492404,1.631128968492404,3.262257936984808,4.513370945722605,"{""1"": 1.527, ""2"": 1.413, ""4"": 1.415, ""8"": 1.588, ""16"": 2.355, ""32"": 4.066, ""64"": 7.523, ""128"": 10.078, ""256"": 18.955}"
2026-08-21T18:38:11,h3b_n1e6_s300,37371,greedy,1000.0,1000.0,864385,300,0,120.0,100,cuda,Tesla T4,256,3.1642777974525416,5.104438313472316,9.259855018051155,2.1147761050915714,11,1.9779358015231654,0,0,0.09024301332232199,1.654,2.1929358015231655,6.344494264629056,0.11079701086956527,nan,1.8600927124834252,1.8600927124834252,3.7201854249668505,4.932362640093396,"{""1"": 1.654, ""2"": 1.439, ""4"": 1.46, ""8"": 1.976, ""16"": 3.257, ""32"": 5.859, ""64"": 7.49, ""128"": 15.156, ""256"": 29.968}"
2026-08-21T18:40:15,h3b_n1e6_s400,37495,greedy,1000.0,1000.0,877185,400,0,120.0,100,cuda,Tesla T4,256,3.1547887568450506,4.815343986500693,11.515298240823313,2.09533588120092,10,1.9576667033957122,0,0,0.083230730354131,1.585,1.9706667033957121,5.866358773921202,0.17547989130434788,nan,1.9223303146692048,1.9223303146692048,3.8446606293384096,4.780154377346125,"{""1"": 1.585, ""2"": 1.572, ""4"": 1.57, ""8"": 2.4, ""16"": 4.178, ""32"": 7.766, ""64"": 11.671, ""128"": 23.426, ""256"": 46.439}"
2026-08-21T18:42:19,h3b_n1e7_s10,37619,greedy,1000.0,1000.0,9776705,10,0,120.0,100,cuda,Tesla T4,256,3.1727698223917855,4.856329587066597,8.756223747184322,2.1165602761653135,10,1.9829680102263076,0,0,0.09372590062355349,1.417,1.9679680102263077,15.249225337837826,0.012869565217391314,nan,1.4354739252995068,1.4354739252995068,2.8709478505990136,3.9872501968996725,"{""1"": 1.417, ""2"": 1.432, ""4"": 1.43, ""8"": 1.485, ""16"": 1.379, ""32"": 1.44, ""64"": 1.551, ""128"": 2.47, ""256"": 4.211}"
2026-08-21T18:44:24,h3b_n1e7_s100,37743,greedy,1000.0,1000.0,9817025,100,0,120.0,100,cuda,Tesla T4,256,3.1281024098106514,4.86748243297541,11.288838870640916,2.1145795360795074,11,1.9764719404681441,0,0,0.09036214101797689,1.43,2.0164719404681444,15.06524244033537,0.13508478260869572,nan,1.6533412422931628,1.6533412422931628,3.3066824845863256,4.662819892451617,"{""1"": 1.43, ""2"": 1.39, ""4"": 1.396, ""8"": 1.791, ""16"": 2.913, ""32"": 4.578, ""64"": 8.197, ""128"": 16.972, ""256"": 34.581}"
2026-08-21T18:46:29,h3b_n1e7_s200,37869,greedy,1000.0,1000.0,9861825,200,0,120.0,100,cuda,Tesla T4,256,3.1858041190808706,4.964277217295595,7.55922423006794,2.1087002317253,10,1.9722027892071448,0,0,0.08782893763111499,1.498,2.006202789207145,14.62732289714578,0.2892839673913044,nan,2.1077335127808565,2.1077335127808565,4.215467025561713,5.645581912211386,"{""1"": 1.498, ""2"": 1.464, ""4"": 1.925, ""8"": 3.144, ""16"": 4.941, ""32"": 8.971, ""64"": 17.999, ""128"": 36.101, ""256"": 73.714}"
2026-08-21T18:48:36,h3b_n1e7_s300,37996,greedy,1000.0,1000.0,9906625,300,0,120.0,100,cuda,Tesla T4,256,3.4059689654526437,6.324822459431515,12.401445553813062,2.186185293126351,11,2.0541932174825925,0,0,0.09593197566715597,1.719,1.7361932174825927,15.209825971758038,0.4332130434782611,nan,3.032885602289029,3.032885602289029,6.065771204578058,6.126440270034696,"{""1"": 1.719, ""2"": 2.037, ""4"": 3.228, ""8"": 5.573, ""16"": 10.275, ""32"": 13.381, ""64"": 27.883, ""128"": 56.464, ""256"": 110.596}"
2026-08-21T18:50:43,h3b_n1e7_s400,38123,greedy,1000.0,1000.0,9951425,400,0,120.0,100,cuda,Tesla T4,256,5.614181202908242,25.720400736691246,42.86494301142341,3.2658853473023766,31,3.1772976567383124,0,0,0.1256776673020706,1.557,1.557,14.683307932071513,0.6202975543478264,nan,4.1005793294949955,4.1005793294949955,8.201158658989991,8.201158658989991,"{""1"": 1.557, ""2"": 1.959, ""4"": 3.315, ""8"": 4.825, ""16"": 9.576, ""32"": 18.857, ""64"": 38.116, ""128"": 77.819, ""256"": 157.595}"
2026-08-21T18:52:55,h3b_n1e9_s3,38255,greedy,1000.0,1000.0,992518657,3,0,120.0,100,cuda,Tesla T4,512,19.45231978801587,30.40254061187042,38.68412690406231,12.602081665332266,31,12.57599677315746,0,0,0.17282205527635597,10.047,11.41099677315746,22.093414886761916,0.26957201086956534,nan,13.75494935778793,13.75494935778793,27.50989871557586,31.24468652068525,"{""1"": 10.047, ""2"": 10.16, ""4"": 9.384, ""8"": 10.941, ""16"": 11.212, ""32"": 14.655, ""64"": 24.77, ""128"": 44.138, ""256"": 79.899, ""512"": 146.211}"
2026-08-21T18:55:09,h3b_n1e9_s5,38388,greedy,1000.0,1000.0,992527745,5,0,120.0,100,cuda,Tesla T4,512,44.77180370972533,79.28306608183334,87.97015761129501,28.44315843621399,64,28.288519314160656,0,0,0.16316140802985046,9.474,14.290519314160655,22.297914259285186,0.44520285326086984,nan,17.076511758728902,17.076511758728902,34.153023517457804,51.51619613819018,"{""1"": 9.474, ""2"": 9.547, ""4"": 10.884, ""8"": 11.131, ""16"": 13.414, ""32"": 23.472, ""64"": 39.895, ""128"": 66.75, ""256"": 124.293, ""512"": 238.735}"
2026-08-21T18:57:24,h3b_n1e9_s7,38524,greedy,1000.0,1000.0,992536833,7,0,120.0,100,cuda,Tesla T4,512,176.11512546449148,337.4027395501179,352.3064318548172,116.34004237288136,207,116.68631542568743,0,0,0.17600904257619743,9.387,36.12331542568742,22.93719706164488,0.605962364130435,nan,23.822597502100795,23.822597502100795,47.64519500420159,183.3495693677597,"{""1"": 9.387, ""2"": 9.515, ""4"": 10.912, ""8"": 11.145, ""16"": 14.877, ""32"": 25.007, ""64"": 49.711, ""128"": 89.95, ""256"": 165.652, ""512"": 321.806}"
2026-08-21T18:59:43,h3b_n1e9_s10,38663,greedy,1000.0,1000.0,992550465,10,0,120.0,100,cuda,Tesla T4,512,891.19917672501,1000.0,1000.0,507.365296803653,512,506.0109786825365,31581,0,0.1804510947142294,10.313,14.429978682536513,20.355555408979605,0.9755705163043481,nan,422.15382561832723,422.15382561832723,844.3076512366545,1181.3576465477938,"{""1"": 10.313, ""2"": 10.955, ""4"": 10.973, ""8"": 14.086, ""16"": 21.926, ""32"": 38.494, ""64"": 65.628, ""128"": 122.813, ""256"": 229.6, ""512"": 501.894}"
2026-08-21T19:00:10,h1_n1e7_s1000,38790,greedy,50.0,50.0,10220225,1000,0,20.0,100,cuda,Tesla T4,64,5.308110437962199,12.032668508784635,13.551014289877372,1.0358490566037737,2,4.852267692111573,0,0,1.153582698155054,3.052,4.852267692111573,14.762950244927655,0.09350586956521743,nan,0.16834085834268814,3.366817166853763,6.733634333707526,10.705568914791044,"{""1"": 3.052, ""2"": 5.033, ""4"": 9.055, ""8"": 15.363, ""16"": 29.741, ""32"": 60.731, ""64"": 119.821}"
2026-08-21T19:00:54,h1_n1e8_s1000,38834,greedy,50.0,50.0,105932481,1000,0,20.0,100,cuda,Tesla T4,64,249.3579838001274,920.7939319269782,929.3771789464209,2.5,28,41.41202561174319,0,0,1.0734778580932385,16.426,31.73102561174319,15.579360879910643,0.7555411413043481,nan,3.3596655256519377,67.19331051303875,134.3866210260775,259.60217421490876,"{""1"": 16.426, ""2"": 26.107, ""4"": 50.773, ""8"": 101.074, ""16"": 212.42, ""32"": 454.003, ""64"": 943.924}"
2026-08-21T19:03:00,h4_w20_s1,38859,window,1000.0,1000.0,104461953,1,20.0,120.0,100,cuda,Tesla T4,4096,14.526577207512048,24.425383920503663,26.3536938607416,21.019120458891013,39,3.4442469926397843,0,0,0.1647846848652533,1.696,2.7512469926397847,13.099986718855808,0.015950203804347834,nan,20.0,2.0150040760869565,22.015004076086957,23.07025106872674,"{""1"": 1.696, ""2"": 1.808, ""4"": 1.75, ""8"": 1.794, ""16"": 1.944, ""32"": 2.389, ""64"": 2.969, ""128"": 4.237, ""256"": 7.105, ""512"": 8.706, ""1024"": 17.568, ""2048"": 33.561, ""4096"": 66.137}"
2026-08-21T19:05:05,h4_w50_s1,38985,window,1000.0,1000.0,104461953,1,50.0,120.0,100,cuda,Tesla T4,4096,30.687421655741787,55.221936828879734,57.64084712362916,51.07199256850906,78,4.717808012637326,0,0,0.17235807522311572,1.428,3.6938080126373256,13.190338235195096,0.015840947690217398,nan,50.0,2.22004738451087,52.22004738451087,54.4858553971482,"{""1"": 1.428, ""2"": 1.525, ""4"": 1.55, ""8"": 1.613, ""16"": 1.741, ""32"": 2.184, ""64"": 2.452, ""128"": 3.259, ""256"": 4.967, ""512"": 9.03, ""1024"": 17.496, ""2048"": 33.588, ""4096"": 65.937}"
2026-08-21T19:07:16,h4_w2_s50,39116,window,1000.0,1000.0,104534081,50,2.0,120.0,100,cuda,Tesla T4,512,7.43461260395506,21.07220662827253,40.728093866533754,4.676771117166212,28,4.4051430639189135,0,0,0.1371654294985092,2.277,2.277,17.491936938049,0.6009790760869568,nan,2.0,3.478958152173914,5.478958152173914,5.478958152173914,"{""1"": 2.277, ""2"": 2.79, ""4"": 4.374, ""8"": 5.832, ""16"": 9.5, ""32"": 17.151, ""64"": 34.724, ""128"": 69.456, ""256"": 139.138, ""512"": 303.072}"
2026-08-21T19:09:22,h5_s1_peak5x,39241,greedy,1000.0,5000.0,104461953,1,0,120.0,100,cuda,Tesla T4,4096,3.2625553312968236,4.831261842203318,6.8512741438837566,3.2117740622218856,26,1.9586858521971366,0,0,0.059421073233565415,1.693,1.8586858521971368,13.153615319521997,0.01588517323369566,nan,1.720327703590257,1.720327703590257,3.440655407180514,3.777375976144123,"{""1"": 1.693, ""2"": 1.764, ""4"": 1.793, ""8"": 1.89, ""16"": 2.139, ""32"": 2.719, ""64"": 3.396, ""128"": 5.157, ""256"": 4.778, ""512"": 8.864, ""1024"": 17.318, ""2048"": 33.63, ""4096"": 65.907}"
2026-08-21T19:11:29,h5_s30_peak2x,39369,greedy,1000.0,2000.0,104504641,30,0,120.0,100,cuda,Tesla T4,512,4.266046437590987,39.48275256068461,50.54288307413657,3.1084700201607887,62,2.644492438115923,0,0,0.10963601986890804,2.118,2.118,20.018285865668766,0.31428641304347843,nan,3.0887531475066043,3.0887531475066043,6.177506295013209,6.177506295013209,"{""1"": 2.118, ""2"": 2.262, ""4"": 2.791, ""8"": 4.349, ""16"": 5.75, ""32"": 11.491, ""64"": 19.276, ""128"": 40.654, ""256"": 75.499, ""512"": 160.839}"
2026-08-21T19:13:32,h6_cpu_b1_q100,39492,greedy,100.0,100.0,9772673,1,0,120.0,100,cpu,cpu,1,2.986443842055486,6.914397763103897,12.400132275800502,1.0,1,2.4874045907197697,0,0,1.0997739543172005,1.791,2.4874045907197697,nan,nan,0.17909999999999998,inf,inf,inf,inf,"{""1"": 1.791}"
2026-08-21T19:15:32,h6_cpu_b1_q300,39612,greedy,300.0,300.0,9772673,1,0,120.0,100,cpu,cpu,1,4.0449086606031415,16.920920110439376,39.48279998298432,1.0,1,2.25872062511559,0,0,0.29053331253123776,1.791,2.25872062511559,nan,nan,0.5373,inf,inf,inf,inf,"{""1"": 1.791}"
2026-08-21T19:17:33,h6_cpu_b1_q1000,39732,greedy,1000.0,1000.0,9772673,1,0,120.0,100,cpu,cpu,1,1000.0,1000.0,1000.0,1.0,1,2.1789982516916635,109462,0,0.13481431349541492,1.791,2.1789982516916635,nan,nan,1.791,inf,inf,inf,inf,"{""1"": 1.791}"
2026-08-21T19:19:43,h6_cpu_batched_q1000,39863,greedy,1000.0,1000.0,9772673,1,0,120.0,100,cpu,cpu,4096,4.948895420817223,7.636814950954828,12.621966390923944,2.991625978560323,14,2.942329787305427,0,0,0.14244843618079892,2.248,2.248,0.28374040905374914,0.06890986752717394,2.248,2.414374206748033,2.414374206748033,4.828748413496066,4.828748413496066,"{""1"": 2.248, ""2"": 3.893, ""4"": 4.258, ""8"": 4.582, ""16"": 4.009, ""32"": 5.459, ""64"": 8.552, ""128"": 12.608, ""256"": 21.778, ""512"": 39.984, ""1024"": 74.491, ""2048"": 146.372, ""4096"": 286.606}"
2026-08-21T19:20:06,h6_cpu_calib_s10,39986,greedy,10.0,10.0,9776705,10,0,20.0,100,cpu,cpu,102,5.537095844985629,8.442217689085853,9.06137225161352,1.0092592592592593,2,4.903591634636676,0,0,1.1309528103577184,2.91,4.903591634636676,0.27115678211740085,0.007237543478260875,0.0291,0.02931214794519456,2.931214794519456,5.862429589038912,9.878680649985476,"{""1"": 2.91, ""2"": 3.545, ""4"": 4.977, ""8"": 8.644, ""16"": 14.266, ""32"": 25.692, ""64"": 49.124}"
2026-08-21T19:20:30,h6_cpu_calib_s100,40010,greedy,10.0,10.0,9817025,100,0,20.0,100,cpu,cpu,10,12.94346411366476,28.483978781977214,31.073914404938563,1.0229885057471264,2,12.460391005051546,0,0,1.2689154889908314,11.221,12.460391005051546,0.2909103706567257,0.0699557391304348,0.11221,0.12065017195535062,12.065017195535061,24.130034391070122,26.795264546660245,"{""1"": 11.221, ""2"": 19.009, ""4"": 33.352, ""8"": 60.449}"
2026-08-21T19:21:18,h6_cpu_calib_s1000,40057,greedy,10.0,10.0,10220225,1000,0,20.0,100,cpu,cpu,8,1000.0,1000.0,1000.0,8.0,8,1226.142997154966,100,0,1.2881507647272097,108.839,116.03899715496601,0.17536921347561168,1.5743042608695659,1.08839,inf,inf,inf,inf,"{""1"": 108.839, ""2"": 289.244, ""4"": 604.405, ""8"": 1218.943}"
2026-08-21T19:21:43,h3c_calib,40083,greedy,100.0,100.0,104461953,1,0,20.0,100,cuda,Tesla T4,4096,2.708423037594443,4.7369078807842335,5.0955064426894126,1.0348837209302326,3,2.3038855480152254,0,0,1.1182348046163078,1.449,2.3038855480152254,14.454612167329502,0.0014455417798913048,nan,0.14510976222396482,1.4510976222396483,2.9021952444792967,4.614441463957464,"{""1"": 1.449, ""2"": 1.781, ""4"": 1.863, ""8"": 1.609, ""16"": 1.778, ""32"": 2.203, ""64"": 2.491, ""128"": 3.305, ""256"": 5.083, ""512"": 9.129, ""1024"": 15.739, ""2048"": 31.238, ""4096"": 60.617}"
2026-08-21T19:22:48,h3c_s1_q5000,40108,greedy,5000.0,5000.0,104461953,1,0,60.0,100,cuda,Tesla T4,512,3.779258750046921,5.753964383155364,9.650087987431277,11.585609778683212,33,2.306761633434187,0,0,0.04586450696528747,1.681,2.2207616334341873,18.089625008880983,0.057753396739130464,nan,8.920170124161222,1.7840340248322444,3.5680680496644888,4.713758851979325,"{""1"": 1.681, ""2"": 1.738, ""4"": 1.708, ""8"": 1.696, ""16"": 1.767, ""32"": 2.214, ""64"": 2.731, ""128"": 3.77, ""256"": 4.356, ""512"": 8.064}"
2026-08-21T19:23:53,h3c_s3_q5000,40173,greedy,5000.0,5000.0,104464897,3,0,60.0,100,cuda,Tesla T4,512,4.116795181426269,5.729596899230674,10.174722426789629,12.683316481294236,33,2.5194679366196793,0,0,0.043034182105827844,1.756,1.756,21.669162887449918,0.1446759510869566,nan,10.265115322266144,2.053023064453229,4.106046128906458,4.106046128906458,"{""1"": 1.756, ""2"": 1.765, ""4"": 1.808, ""8"": 2.281, ""16"": 2.575, ""32"": 3.418, ""64"": 4.817, ""128"": 4.663, ""256"": 9.03, ""512"": 17.033}"
2026-08-21T19:24:58,h3c_s5_q5000,40238,greedy,5000.0,5000.0,104467841,5,0,60.0,100,cuda,Tesla T4,512,4.4567491439693185,6.201835097210556,10.135049488006587,13.762647624279044,33,2.7379789483543937,0,0,0.04331827127025183,1.756,1.756,22.587233822864476,0.23138451086956535,nan,11.423136957509357,2.2846273915018713,4.569254783003743,4.569254783003743,"{""1"": 1.756, ""2"": 1.768, ""4"": 2.081, ""8"": 2.317, ""16"": 3.145, ""32"": 4.229, ""64"": 6.842, ""128"": 7.551, ""256"": 14.171, ""512"": 26.738}"
2026-08-21T19:26:03,h3c_s7_q1000,40303,greedy,1000.0,1000.0,104470785,7,0,60.0,100,cuda,Tesla T4,512,3.3516264279782604,5.008436418422946,9.053758522384214,2.209911768579079,9,2.0734743559325444,0,0,0.10234660143879619,1.697,1.9264743559325443,18.862132352767112,0.07760230978260874,nan,1.839770435244748,1.839770435244748,3.679540870489496,4.177101431115925,"{""1"": 1.697, ""2"": 1.844, ""4"": 2.167, ""8"": 2.4, ""16"": 3.148, ""32"": 4.971, ""64"": 5.277, ""128"": 10.451, ""256"": 19.79, ""512"": 40.151}"
2026-08-21T19:27:04,h3c_s7_q5000,40364,greedy,5000.0,5000.0,104470785,7,0,60.0,100,cuda,Tesla T4,512,4.850729576935109,7.2286919242639405,13.191959335649983,15.001256506910789,38,2.9826856233936976,0,0,0.04270587423924607,1.697,1.697,18.862132352767112,0.3880115489130437,nan,13.864640721454368,2.7729281442908738,5.5458562885817475,5.5458562885817475,"{""1"": 1.697, ""2"": 1.844, ""4"": 2.167, ""8"": 2.4, ""16"": 3.148, ""32"": 4.971, ""64"": 5.277, ""128"": 10.451, ""256"": 19.79, ""512"": 40.151}"
2026-08-21T19:28:10,h3c_s9_q5000,40429,greedy,5000.0,5000.0,104473729,9,0,60.0,100,cuda,Tesla T4,512,8.27961368539576,14.855999595383196,19.38168313071742,25.83279875840662,61,5.1606726812933985,0,0,0.047444117285522225,1.585,2.8216726812933985,20.19635595026828,0.46603328804347854,nan,14.841749162530748,2.9683498325061497,5.936699665012299,10.56872130082579,"{""1"": 1.585, ""2"": 1.794, ""4"": 1.924, ""8"": 2.307, ""16"": 2.832, ""32"": 3.924, ""64"": 6.352, ""128"": 13.126, ""256"": 24.938, ""512"": 48.401}"
2026-08-21T19:29:15,h3c_s11_q5000,40495,greedy,5000.0,5000.0,104476673,11,0,60.0,100,cuda,Tesla T4,512,8.808113242530169,17.260501992698707,30.11559832419408,27.3493698630137,83,5.466824460723629,0,0,0.04371441860868695,1.649,1.8218244607236294,20.13499223893087,0.5714769021739132,nan,19.24050311833174,3.848100623666348,7.696201247332696,8.502806359637606,"{""1"": 1.649, ""2"": 1.999, ""4"": 2.145, ""8"": 2.641, ""16"": 3.493, ""32"": 5.294, ""64"": 6.922, ""128"": 14.994, ""256"": 29.684, ""512"": 58.39}"
2026-08-21T19:30:21,h3c_s14_q1000,40561,greedy,1000.0,1000.0,104481089,14,0,60.0,100,cuda,Tesla T4,512,3.441511172930234,5.299865927511398,8.753645860256398,2.2239871497412103,12,2.112643989861841,0,0,0.1075632368296911,1.838,2.1066439898618414,19.949101910172118,0.14687812500000003,nan,2.1544401261543085,2.1544401261543085,4.308880252308617,4.938670667334233,"{""1"": 1.838, ""2"": 1.844, ""4"": 2.004, ""8"": 2.376, ""16"": 3.414, ""32"": 5.642, ""64"": 9.338, ""128"": 19.033, ""256"": 38.181, ""512"": 75.223}"
2026-08-21T19:31:27,h3c_s24_q1000,40627,greedy,1000.0,1000.0,104495809,24,0,60.0,100,cuda,Tesla T4,512,3.6999789806912986,5.261669541861235,8.127563676914917,2.3674098671726753,10,2.271034139291555,0,0,0.1141183799461485,1.854,2.124034139291555,19.807641782467698,0.25391032608695663,nan,2.4849559842803606,2.4849559842803606,4.969911968560721,5.693777071465302,"{""1"": 1.854, ""2"": 2.001, ""4"": 2.324, ""8"": 2.879, ""16"": 4.323, ""32"": 7.842, ""64"": 14.708, ""128"": 32.554, ""256"": 65.463, ""512"": 128.999}"
2026-08-21T19:32:36,h3c_s35_q1000,40696,greedy,1000.0,1000.0,104512001,35,0,60.0,100,cuda,Tesla T4,512,4.7471282698943185,9.482985170894942,13.632748181759524,2.8610537190082646,14,2.7970910799040487,0,0,0.12345358899182203,2.015,2.015,19.7642082047697,0.3716157608695654,nan,3.2066367590447213,3.2066367590447213,6.413273518089443,6.413273518089443,"{""1"": 2.015, ""2"": 2.425, ""4"": 3.113, ""8"": 5.266, ""16"": 8.333, ""32"": 13.007, ""64"": 24.189, ""128"": 48.209, ""256"": 92.858, ""512"": 190.928}"
2026-08-21T19:33:45,h3c_s45_q1000,40765,greedy,1000.0,1000.0,104526721,45,0,60.0,100,cuda,Tesla T4,512,4.714311921501846,9.56510182208925,16.71212498489183,2.851654337978095,16,2.801125774735622,0,0,0.1225428505486903,2.282,2.282,18.548964379664923,0.5097372282608698,nan,4.654646715076821,4.654646715076821,9.309293430153643,9.309293430153643,"{""1"": 2.282, ""2"": 2.841, ""4"": 3.806, ""8"": 5.802, ""16"": 7.089, ""32"": 14.509, ""64"": 31.127, ""128"": 59.001, ""256"": 120.084, ""512"": 258.058}"
2026-08-21T19:34:56,h3c_s55_q1000,40836,greedy,1000.0,1000.0,104541441,55,0,60.0,100,cuda,Tesla T4,512,9.665453697987658,68.99106477727968,83.9391742802107,5.488450642841578,52,5.412496881887047,0,0,0.15366181579245994,2.137,2.137,18.00876199870962,0.6425096467391309,nan,5.977783681453863,5.977783681453863,11.955567362907725,11.955567362907725,"{""1"": 2.137, ""2"": 2.526, ""4"": 3.824, ""8"": 6.824, ""16"": 11.133, ""32"": 19.24, ""64"": 37.788, ""128"": 75.291, ""256"": 155.297, ""512"": 324.487}"
2026-08-21T19:36:09,h3c_s69_q100,40909,greedy,100.0,100.0,104562049,69,0,60.0,100,cuda,Tesla T4,512,3.886395901830042,8.618283330651549,10.556086524424302,1.0634485666104554,4,3.47463597392767,0,0,1.0557061172559656,2.24,3.47463597392767,18.115187840048847,0.08027349184782612,nan,0.2435506620876235,2.435506620876235,4.87101324175247,7.555802606817487,"{""1"": 2.24, ""2"": 2.783, ""4"": 4.35, ""8"": 6.686, ""16"": 12.726, ""32"": 24.282, ""64"": 48.243, ""128"": 91.765, ""256"": 192.944, ""512"": 405.189}"
2026-08-21T19:37:17,h3c_s138_q50,40977,greedy,50.0,50.0,104663617,138,0,60.0,100,cuda,Tesla T4,128,4.936845070083962,10.678376926406328,20.482844801600564,1.0306672192291753,3,4.527176017465801,0,0,1.1494007343817003,3.78,4.527176017465801,19.1164731611194,0.07672880434782613,nan,0.2047069169817385,4.09413833963477,8.18827667926954,9.806817409196713,"{""1"": 3.78, ""2"": 6.022, ""4"": 7.127, ""8"": 13.313, ""16"": 24.885, ""32"": 51.439, ""64"": 96.46, ""128"": 197.704}"
2026-08-21T19:38:17,h3c_s138_q100,41037,greedy,100.0,100.0,104663617,138,0,60.0,100,cuda,Tesla T4,128,4.649005047639321,12.635025815561676,21.302634830966838,1.0882608695652174,5,4.1300540368842045,0,0,1.033797679786659,3.78,4.1300540368842045,19.1164731611194,0.15345760869565225,nan,0.44652223430604543,4.4652223430604545,8.930444686120909,9.75746537753565,"{""1"": 3.78, ""2"": 6.022, ""4"": 7.127, ""8"": 13.313, ""16"": 24.885, ""32"": 51.439, ""64"": 96.46, ""128"": 197.704}"
2026-08-21T19:39:30,h3c_s242_q100,41110,greedy,100.0,100.0,104816705,242,0,60.0,100,cuda,Tesla T4,128,4.588488564039039,13.200942511938417,22.312124818228085,1.0792143319663285,4,4.0796986261827755,0,0,1.0097689555426104,3.763,4.0796986261827755,16.8192899752947,0.30982630434782626,nan,0.5452250677916934,5.4522506779169335,10.904501355833867,11.82223736396589,"{""1"": 3.763, ""2"": 6.186, ""4"": 11.961, ""8"": 22.886, ""16"": 42.055, ""32"": 86.615, ""64"": 203.906, ""128"": 386.224}"
2026-08-21T19:40:43,h3c_s277_q50,41183,greedy,50.0,50.0,104868225,277,0,60.0,100,cuda,Tesla T4,128,7.215325319346988,21.39086991042489,29.38833963369092,1.0503300330033003,4,6.532131170196207,0,0,1.0652644057716996,5.983,6.532131170196207,16.67727215567248,0.17959807065217395,nan,0.36463834286421976,7.292766857284395,14.58553371456879,15.924221863761067,"{""1"": 5.983, ""2"": 9.688, ""4"": 13.869, ""8"": 26.105, ""16"": 52.801, ""32"": 102.109, ""64"": 209.954, ""128"": 452.637}"
2026-08-21T19:42:00,h3c_s346_q100,41260,greedy,100.0,100.0,104969793,346,0,60.0,100,cuda,Tesla T4,128,4.643471182191661,17.30873100141081,60.08600096151895,1.0883761427949499,6,4.234638810319956,0,0,1.042142216801025,6.489,6.489,16.557020514066444,0.45575016304347843,nan,1.1922833153771595,11.922833153771593,23.845666307543187,23.845666307543187,"{""1"": 6.489, ""2"": 8.598, ""4"": 15.758, ""8"": 32.258, ""16"": 62.025, ""32"": 127.136, ""64"": 278.23, ""128"": 569.4}"
2026-08-21T19:43:20,h3c_s450_q100,41340,greedy,100.0,100.0,105122881,450,0,60.0,100,cuda,Tesla T4,128,6.659644244532359,51.295090536756305,139.8930626367374,1.1732414448669202,9,6.089431457239214,0,0,0.9873931185085274,6.115,6.115,16.66995000135376,0.5961617934782611,nan,1.514220274666069,15.142202746660688,30.284405493321376,30.284405493321376,"{""1"": 6.115, ""2"": 11.415, ""4"": 20.984, ""8"": 42.798, ""16"": 80.894, ""32"": 191.124, ""64"": 367.298, ""128"": 754.693}"
2026-08-21T19:44:42,h3c_s484_q50,41422,greedy,50.0,50.0,105172929,484,0,60.0,100,cuda,Tesla T4,128,7.6795264142788255,26.26449595675052,45.35772892666046,1.0641733956651083,3,7.0170814530030245,0,0,1.124563949078839,8.91,8.91,17.118161458423856,0.3134816576086958,nan,0.6489265799486422,12.978531598972845,25.95706319794569,25.95706319794569,"{""1"": 8.91, ""2"": 11.902, ""4"": 23.467, ""8"": 42.416, ""16"": 89.513, ""32"": 203.823, ""64"": 387.887, ""128"": 797.626}"
2026-08-21T19:45:57,h3c_s553_q100,41497,greedy,100.0,100.0,105274497,553,0,60.0,100,cuda,Tesla T4,64,588.823552657189,890.2316370671905,958.587456225402,6.535849056603774,64,60.513348137057804,0,0,1.0897115211226795,10.228,13.771348137057805,16.46786055011815,0.7507715217391306,nan,4.103864883889503,41.03864883889502,82.07729767779004,110.51183422661056,"{""1"": 10.228, ""2"": 14.915, ""4"": 27.165, ""8"": 56.97, ""16"": 111.296, ""32"": 223.271, ""64"": 475.857}"
2026-08-21T19:47:14,h3c_s692_q50,41573,greedy,50.0,50.0,105479105,692,0,60.0,100,cuda,Tesla T4,64,8.5798933168455,33.056136093229625,53.08258438051183,1.0824697754749568,4,8.22330468345517,0,0,1.135293355581974,11.895,11.895,16.916176097085586,0.46482516304347843,nan,1.1113190660874033,22.226381321748068,44.452762643496136,44.452762643496136,"{""1"": 11.895, ""2"": 16.592, ""4"": 32.909, ""8"": 64.99, ""16"": 135.138, ""32"": 286.2, ""64"": 583.967}"
2026-08-21T19:48:35,h3c_s899_q50,41655,greedy,50.0,50.0,105783809,899,0,60.0,100,cuda,Tesla T4,64,16.844406644654697,128.06432798902048,174.27170874822195,1.2733430091920659,7,14.660744343437777,0,0,1.1167887042121902,18.631,18.631,15.900469678369852,0.6579492391304352,nan,2.7234261886504934,54.46852377300986,108.93704754601973,108.93704754601973,"{""1"": 18.631, ""2"": 23.226, ""4"": 46.402, ""8"": 88.868, ""16"": 204.414, ""32"": 405.919, ""64"": 829.929}"
2026-08-21T19:50:03,h3c_s1107_q50,41742,greedy,50.0,50.0,106089985,1107,0,60.0,100,cuda,Tesla T4,64,1000.0,1000.0,1000.0,51.125,64,1057.3080810330187,2405,0,1.1510027342586682,22.355,22.355,15.513462603788236,0.8500520108695657,nan,7.454251347296896,149.08502694593793,298.17005389187585,298.17005389187585,"{""1"": 22.355, ""2"": 29.735, ""4"": 59.583, ""8"": 120.997, ""16"": 243.57, ""32"": 519.027, ""64"": 1068.111}"
